tactique,cronbach_alpha
ouverture,0.8406418615059442
authenticité,0.8803334350314672
sociabilité,0.8589353230802792
auto_promotion,0.8539860518071372
exemplarité,0.932643833070343
