tactique,cronbach_alpha
openness,0.8406418615059442
authenticity,0.8803334350314672
sociability,0.8589353230802792
self_promotion,0.8539860518071372
exemplification,0.932643833070343
